Pearline,masculine,23-09-1956,Chittagong,264006638,Pearline1@gmail.com,1,43114288
Luci,n/a,15-02-1966,Adamstown,837050422,Luci2@gmail.com,2,43952737
Susan,masculine,11-06-1932,Tripoli,125279769,Susan3@gmail.com,3,59791476
Elsie,masculine,25-04-1946,Antwerp,209901833,Elsie4@gmail.com,4,56170632
Belva,n/a,23-03-1954,Koulikoro,782392152,Belva5@gmail.com,5,25904043
Rhea,n/a,31-05-1939,Port Said,689396765,Rhea6@gmail.com,6,73459027
Celestyna,masculine,11-06-1932,Mexicali,629902184,Celestyna7@gmail.com,7,96015502
Sandie,masculine,23-01-1973,Tashkent,477517835,Sandie8@gmail.com,8,61024307
Estell,masculine,20-12-2009,Kaohsiung,402365146,Estell9@gmail.com,9,63795400
Ann-Marie,n/a,05-02-1942,Edinburgh,899004027,Ann-Marie10@gmail.com,10,05686556
Rubie,n/a,24-10-2005,Kolkata,721477122,Rubie11@gmail.com,11,17273076
Dorthy,masculine,26-09-1969,Malmö,466158240,Dorthy12@gmail.com,12,64709242
Kaia,n/a,19-01-1973,Brisbane,714212083,Kaia13@gmail.com,13,82494004
Ayn,n/a,09-03-1984,Guwahati,226938826,Ayn14@gmail.com,14,59956442
Charlena,n/a,17-03-2010,Rabat,136224467,Charlena15@gmail.com,15,21086013
Chere,feminine,24-02-1947,Wollongong,747015201,Chere16@gmail.com,16,83530366
Augustine,n/a,21-12-1976,Iloilo City,034601410,Augustine17@gmail.com,17,64066716
Viki,n/a,25-05-1977,Papeete,881541784,Viki18@gmail.com,18,05218623
Delilah,n/a,01-09-1996,Bangui,275958641,Delilah19@gmail.com,19,42611060
Thalia,masculine,02-06-2008,Hanoi,864149077,Thalia20@gmail.com,20,77784235
Jordan,masculine,19-02-1967,Antwerp,869573191,Jordan21@gmail.com,21,59765415
Raquela,masculine,04-05-1938,Dili,580479484,Raquela22@gmail.com,22,25682693
Gavrielle,masculine,31-01-1971,Amsterdam,860734406,Gavrielle23@gmail.com,23,32837501
Cordi,feminine,22-06-2018,Rabat,380100492,Cordi24@gmail.com,24,08786255
Lory,feminine,05-11-1979,Valletta,625443110,Lory25@gmail.com,25,12457351
Teriann,masculine,18-09-1993,The Hague,683598023,Teriann26@gmail.com,26,87622848
Hyacinthe,n/a,21-02-1937,Adana,329453603,Hyacinthe27@gmail.com,27,97342728
Kate,masculine,26-03-2005,Milan,645322380,Kate28@gmail.com,28,31908375
Jennica,masculine,03-10-1929,Bujumbura,220097478,Jennica29@gmail.com,29,39407807
Karina,n/a,16-09-1968,Hai Phong,693656135,Karina30@gmail.com,30,72390147
Beatriz,feminine,30-12-1998,Amritsar,894693832,Beatriz31@gmail.com,31,24821695
Elise,masculine,06-10-1973,Aarhus,900790382,Elise32@gmail.com,32,06794927
Lila,masculine,01-08-1967,Portland,352626884,Lila33@gmail.com,33,16947553
Konstance,feminine,04-10-2013,Lagos,494478435,Konstance34@gmail.com,34,72614423
Merrie,feminine,28-01-2001,Andorra la Vella,313164872,Merrie35@gmail.com,35,70667834
Peri,n/a,31-12-1990,Quito,498184704,Peri36@gmail.com,36,49996583
Atlanta,feminine,04-10-1927,Santo Domingo,230371417,Atlanta37@gmail.com,37,16231307
Steffane,feminine,07-02-2009,Medina,791171138,Steffane38@gmail.com,38,16323178
Verla,feminine,29-08-1942,Puebla,009679670,Verla39@gmail.com,39,85371997
Millie,masculine,01-02-2018,New York City,473119201,Millie40@gmail.com,40,06175573
Ginnie,feminine,26-05-1977,Amritsar,457351681,Ginnie41@gmail.com,41,39201375
Kirstin,feminine,20-08-1943,Thimphu,996662249,Kirstin42@gmail.com,42,29259963
Brandise,masculine,07-03-1960,Honolulu,815522942,Brandise43@gmail.com,43,51365309
Florie,feminine,20-01-1980,Dili,917005383,Florie44@gmail.com,44,65669006
Stevana,n/a,13-03-1935,Port Blair,011255687,Stevana45@gmail.com,45,83712192
Philis,masculine,05-12-1940,Frankfurt,612084429,Philis46@gmail.com,46,54530948
Carly,n/a,30-11-2013,Punta Arenas,112318342,Carly47@gmail.com,47,25522799
Lily,feminine,20-01-1973,Dili,646252652,Lily48@gmail.com,48,90937620
Gavrielle,masculine,05-11-1942,Lhasa,712673925,Gavrielle49@gmail.com,49,97993967
Stevana,masculine,31-05-1968,Seattle,140838585,Stevana50@gmail.com,50,68900948
Anica,n/a,28-01-1977,Belém,470157582,Anica51@gmail.com,51,40431029
Hayley,n/a,04-09-1947,Bern,309013444,Hayley52@gmail.com,52,73483963
Constance,masculine,02-05-2005,Sarajevo,758618225,Constance53@gmail.com,53,98343254
Eadie,n/a,21-04-2013,Vientiane,947162082,Eadie54@gmail.com,54,48676506
Aimil,n/a,25-10-1929,Vaduz,005312321,Aimil55@gmail.com,55,27367018
Brianna,feminine,22-06-1965,Islamabad,642799136,Brianna56@gmail.com,56,33055454
Lynnea,masculine,12-06-2007,Makassar,066344066,Lynnea57@gmail.com,57,73356725
Mady,masculine,14-05-1932,Zhengzhou,083850891,Mady58@gmail.com,58,15014232
Elfreda,feminine,13-04-2008,Tagbilaran,063764468,Elfreda59@gmail.com,59,19680611
Claudina,masculine,19-02-1931,Hai Phong,914102446,Claudina60@gmail.com,60,55546425
Bee,masculine,13-06-1956,Colombo,651967783,Bee61@gmail.com,61,15154848
Daune,n/a,16-09-1982,Aberdeen,228583938,Daune62@gmail.com,62,85071537
Pamella,feminine,03-12-2008,Mashhad,034154383,Pamella63@gmail.com,63,43914694
Ada,n/a,29-04-1939,Vitória,141425105,Ada64@gmail.com,64,35228615
Mireielle,feminine,31-12-1982,Mwanza,713849279,Mireielle65@gmail.com,65,30504060
Mara,n/a,28-12-1948,Kigali,858731275,Mara66@gmail.com,66,80647653
Farrah,masculine,12-04-1996,Jersey City,836321781,Farrah67@gmail.com,67,65740616
Melina,masculine,21-02-1972,Djibouti (city),861013012,Melina68@gmail.com,68,69480632
Hettie,n/a,22-04-1949,Rockhampton,773378933,Hettie69@gmail.com,69,01853568
Latisha,n/a,14-05-1921,Macau,365396757,Latisha70@gmail.com,70,53923139
Lynnea,masculine,24-12-1939,Thiès,014596158,Lynnea71@gmail.com,71,24856041
Janis,n/a,29-03-1964,Lanzhou,651957871,Janis72@gmail.com,72,33248924
Kathi,n/a,18-10-2017,Douglas,191671789,Kathi73@gmail.com,73,95859806
Etta,masculine,08-05-1920,Innsbruck,892312288,Etta74@gmail.com,74,68412594
Leanna,feminine,08-10-1970,Hai Phong,981538755,Leanna75@gmail.com,75,44782045
Doralynne,n/a,20-08-2016,Wellington,881473961,Doralynne76@gmail.com,76,35166256
Micheline,feminine,22-05-1992,Honolulu,517855207,Micheline77@gmail.com,77,05663751
Shell,masculine,23-01-1954,Cali,923408515,Shell78@gmail.com,78,07712868
Shell,n/a,05-03-2014,Birkirkara,814375144,Shell79@gmail.com,79,57479446
Edith,masculine,04-10-1928,Yokohama,516858487,Edith80@gmail.com,80,61586301
Ginnie,masculine,08-08-1975,Boa Vista,226445184,Ginnie81@gmail.com,81,55663914
June,n/a,11-12-1923,Maceió,540947800,June82@gmail.com,82,69143584
Melina,masculine,27-04-1962,Luxor,169282410,Melina83@gmail.com,83,68105423
Helsa,n/a,17-09-1962,Odessa,866756328,Helsa84@gmail.com,84,51404287
Drucie,feminine,08-11-2018,Adana,868678077,Drucie85@gmail.com,85,98577683
Johna,feminine,19-08-1979,Hamilton,884520295,Johna86@gmail.com,86,22378121
Jinny,masculine,24-12-1996,Amsterdam,604863981,Jinny87@gmail.com,87,63904551
Lynea,feminine,13-06-2014,Belém,097516469,Lynea88@gmail.com,88,30929035
Dennie,masculine,05-08-1977,Albuquerque,910046594,Dennie89@gmail.com,89,85145950
Emylee,n/a,19-10-1936,Thiès,358720384,Emylee90@gmail.com,90,56990649
Sam,masculine,27-12-1974,Perth,673745918,Sam91@gmail.com,91,52669308
Cindelyn,feminine,03-01-2012,Portland,838237606,Cindelyn92@gmail.com,92,49291918
Latisha,n/a,08-09-1993,Asmara,179272614,Latisha93@gmail.com,93,95961578
Gretal,feminine,07-09-1951,Kuching,771711153,Gretal94@gmail.com,94,39563518
Kimberley,feminine,29-06-1974,Mexicali,092690524,Kimberley95@gmail.com,95,80374245
Danny,n/a,21-12-1994,Kharkiv,355534828,Danny96@gmail.com,96,80958865
Elvira,masculine,19-03-1938,Lanzhou,639695289,Elvira97@gmail.com,97,88819715
Marleah,masculine,30-04-2007,Adak,212657970,Marleah98@gmail.com,98,76393927
Julieta,masculine,30-05-1922,Chicago,315520933,Julieta99@gmail.com,99,36105906
Kate,feminine,30-12-1954,Virginia Beach,438976468,Kate100@gmail.com,100,16706465