name;sex;birthDate;address;phoneNumber;email;snsUserNumber;citizenCardNumber
Lynde;masculine;16-06-1988;Asmara;226422722;Lynde101@gmail.com;101;49722694
Shaine;n/a;16-08-2005;Thessaloniki;723022797;Shaine102@gmail.com;102;88822721
Kathi;n/a;11-11-1995;Dammam;272429849;Kathi103@gmail.com;103;90225719
Rochette;n/a;08-08-1980;Colombo;455633115;Rochette104@gmail.com;104;70585161
Augustine;masculine;10-12-1965;Salt Lake City;149249369;Augustine105@gmail.com;105;38057377
Damaris;feminine;27-09-1973;Virginia Beach;285052963;Damaris106@gmail.com;106;80598241
Amii;feminine;08-10-2009;Pago Pago;062968016;Amii107@gmail.com;107;69118937
Candi;n/a;26-11-1937;Rabi Island;429649662;Candi108@gmail.com;108;88503758
Chrystel;n/a;09-05-1979;Xining;011627249;Chrystel109@gmail.com;109;44051501
Wilma;feminine;13-09-1951;Nukulaelae;845830765;Wilma110@gmail.com;110;04440811
Dulce;n/a;13-02-2001;Tampa;918631587;Dulce111@gmail.com;111;65433696
Gilligan;n/a;21-11-1932;Malacca Town;368619657;Gilligan112@gmail.com;112;42719944
Gwyneth;masculine;10-04-1932;Kobe;098620301;Gwyneth113@gmail.com;113;84123336
Lacie;masculine;10-04-1974;Hangzhou;845571866;Lacie114@gmail.com;114;72984385
Cherilyn;masculine;23-08-1966;Paramaribo;005293822;Cherilyn115@gmail.com;115;93133668
Kayla;masculine;07-11-1945;Hangzhou;282769040;Kayla116@gmail.com;116;02313731
Damaris;n/a;22-08-1986;Santiago de Cuba;071430481;Damaris117@gmail.com;117;78831769
Margarette;masculine;01-08-1937;Kharkiv;037947613;Margarette118@gmail.com;118;85052497
Morganica;feminine;14-07-2014;Jacksonville;803661616;Morganica119@gmail.com;119;71800992
Brietta;masculine;25-03-1976;Timbuktu;985617518;Brietta120@gmail.com;120;99047911
Tersina;masculine;08-03-1938;Kathmandu;899372331;Tersina121@gmail.com;121;63934995
Fanchon;n/a;12-04-1973;Kathmandu;719946732;Fanchon122@gmail.com;122;05017957
Marleah;feminine;03-03-2011;Port Elizabeth;591532582;Marleah123@gmail.com;123;72825677
Brynna;n/a;11-12-1970;Raleigh;812583023;Brynna124@gmail.com;124;14952217
Livvyy;masculine;16-04-1937;Cork (city);266033483;Livvyy125@gmail.com;125;75062294
Tori;masculine;18-12-1921;Nairobi;000721620;Tori126@gmail.com;126;45898071
Zaria;masculine;07-09-1937;Miri;613910781;Zaria127@gmail.com;127;41584945
Nanete;n/a;10-05-1930;Surat;250682626;Nanete128@gmail.com;128;14918952
Minne;feminine;27-12-1988;Ilhéus;238340172;Minne129@gmail.com;129;77767840
Christian;masculine;10-09-1995;Iqaluit;899118856;Christian130@gmail.com;130;76493910
Kara-Lynn;feminine;23-11-1970;Serekunda;980615947;Kara-Lynn131@gmail.com;131;40462418
Nollie;feminine;10-12-1941;Hamburg;209529352;Nollie132@gmail.com;132;57932904
Louella;masculine;05-06-1996;Cannes;280821452;Louella133@gmail.com;133;36871952
Blake;feminine;26-07-1923;Calgary;544319420;Blake134@gmail.com;134;87341081
Allis;n/a;14-10-1981;Gaza;772989500;Allis135@gmail.com;135;83227470
Wanda;masculine;16-10-2019;Serekunda;202772681;Wanda136@gmail.com;136;73065279
Tera;n/a;10-10-1989;Brazzaville;394812832;Tera137@gmail.com;137;22438483
Laurene;feminine;02-04-2017;Gdańsk;368392084;Laurene138@gmail.com;138;50175618
Antonietta;feminine;19-05-1991;Naples;113987694;Antonietta139@gmail.com;139;71700514
Joane;masculine;02-02-1994;Sucre;471235105;Joane140@gmail.com;140;45585942
Tressa;feminine;05-05-1953;Recife;153496877;Tressa141@gmail.com;141;72407197
Cherilyn;n/a;04-04-1933;Concepción;244364005;Cherilyn142@gmail.com;142;13701518
Dominga;masculine;11-03-1920;San Fernando;573618453;Dominga143@gmail.com;143;96254944
Cacilie;masculine;06-08-1986;Los Angeles;311105620;Cacilie144@gmail.com;144;72614422
Gertrud;n/a;24-03-1965;Tokyo;641276907;Gertrud145@gmail.com;145;01294392
June;masculine;06-09-1982;Detroit;267980545;June146@gmail.com;146;32861087
Karolina;masculine;02-03-1976;Tucson;677785051;Karolina147@gmail.com;147;93869174
Helena;feminine;11-03-1960;Mashhad;791608336;Helena148@gmail.com;148;51858907
Josephine;feminine;25-11-1989;Gangtok;563034115;Josephine149@gmail.com;149;26658323
Bill;masculine;13-01-2017;Tabriz;883707481;Bill150@gmail.com;150;41793820
Gwyneth;feminine;29-11-2016;Vancouver;287425762;Gwyneth151@gmail.com;151;52961543
Celisse;feminine;27-06-1920;Seoul;198668493;Celisse152@gmail.com;152;80328586
Jasmina;masculine;23-03-1944;Liverpool;549427860;Jasmina153@gmail.com;153;34090427
Ariela;n/a;06-01-1953;Kaohsiung;183842854;Ariela154@gmail.com;154;10344945
Joeann;n/a;22-12-1994;Bursa;315304378;Joeann155@gmail.com;155;36502062
Merrie;n/a;01-06-1991;São Tomé;001443297;Merrie156@gmail.com;156;63919605
Almeta;masculine;20-05-2001;Damascus;278833195;Almeta157@gmail.com;157;47133728
Darci;feminine;07-05-2009;Chongjin;294642460;Darci158@gmail.com;158;06991123
Hettie;n/a;15-01-1973;Saint John;719492584;Hettie159@gmail.com;159;16984332
Gavrielle;masculine;05-09-1927;Iquique;292177875;Gavrielle160@gmail.com;160;96800379
Sallie;masculine;01-12-1953;Phoenix;095634024;Sallie161@gmail.com;161;29602999
Fanchon;feminine;07-10-1929;Amsterdam;537189758;Fanchon162@gmail.com;162;17501136
Dale;masculine;21-11-1985;Douala;443487780;Dale163@gmail.com;163;57045967
Shaine;n/a;31-05-1924;San Salvador;309384370;Shaine164@gmail.com;164;51271071
Jacenta;masculine;07-02-1997;Tehran;926480371;Jacenta165@gmail.com;165;46912302
Jerry;masculine;30-09-2000;Palembang;370907465;Jerry166@gmail.com;166;16869185
Merry;n/a;17-02-2003;Nouakchott;648433437;Merry167@gmail.com;167;73155479
Orsola;masculine;28-09-2011;Macapá;764864838;Orsola168@gmail.com;168;29921166
Roslyn;n/a;28-10-2000;Milan;818393273;Roslyn169@gmail.com;169;03387377
Eugine;feminine;22-04-2019;Bangui;581373385;Eugine170@gmail.com;170;18320477
Britte;masculine;03-05-1966;Jaipur;674954851;Britte171@gmail.com;171;59175603
Nikki;n/a;06-08-1936;Bloemfontein;276722677;Nikki172@gmail.com;172;01080220
Clarice;masculine;31-08-1961;Conakry;234055439;Clarice173@gmail.com;173;78900889
Lucy;feminine;03-12-1963;Colombo;472936078;Lucy174@gmail.com;174;02724369
Fernande;feminine;30-07-1950;Petropavlovsk-Kamchatsky;594948618;Fernande175@gmail.com;175;35688023
Valeda;masculine;27-02-1984;Bridgetown;728048157;Valeda176@gmail.com;176;88541266
Blinni;feminine;19-06-1945;Fredericton;546603470;Blinni177@gmail.com;177;98219611
Lanna;masculine;28-04-1921;Pune;862078793;Lanna178@gmail.com;178;93916970
Henriette;n/a;18-12-1952;Anadyr (town);301910970;Henriette179@gmail.com;179;44764215
Clementine;n/a;15-09-2011;Shanghai;522244328;Clementine180@gmail.com;180;61364551
Riannon;n/a;27-11-2006;Vilnius;420719550;Riannon181@gmail.com;181;61806592
Kimberley;feminine;16-12-1967;Mogadishu;604574584;Kimberley182@gmail.com;182;25465300
Lynea;masculine;16-04-1931;Boa Vista;135289183;Lynea183@gmail.com;183;94296050
Charissa;n/a;11-01-1931;Surat;000113544;Charissa184@gmail.com;184;10678273
Doralynne;masculine;30-12-1982;Podgorica;709926292;Doralynne185@gmail.com;185;53842501
Tiffie;masculine;11-11-2004;Quezon City;324697568;Tiffie186@gmail.com;186;05620576
Hollie;feminine;23-06-1980;Calama;729023023;Hollie187@gmail.com;187;83247505
Marti;masculine;26-07-1934;Düsseldorf;910922917;Marti188@gmail.com;188;98558230
Henriette;n/a;03-09-1921;City of San Marino;772675408;Henriette189@gmail.com;189;95017894
Belva;n/a;24-10-1996;Turin;340144717;Belva190@gmail.com;190;66990204
Sindee;feminine;11-04-1959;Vatican City;212989825;Sindee191@gmail.com;191;75572033
Raina;n/a;21-10-1932;Seattle;919760202;Raina192@gmail.com;192;61184648
Korrie;masculine;04-05-1934;Longyearbyen;497977363;Korrie193@gmail.com;193;80529627
Tamqrah;n/a;10-03-1951;Chongjin;027769042;Tamqrah194@gmail.com;194;45704307
Zia;masculine;04-11-1943;Bern;109474857;Zia195@gmail.com;195;82078149
Rhoda;n/a;29-07-1975;Sitka;257280821;Rhoda196@gmail.com;196;12433356
Nelle;masculine;21-04-1950;Conakry;315757644;Nelle197@gmail.com;197;30641305
Cissiee;feminine;18-05-1996;Phoenix;646563482;Cissiee198@gmail.com;198;47141281
Jemie;n/a;16-11-1968;Banda Aceh;658048020;Jemie199@gmail.com;199;14745817
Bettine;masculine;16-01-1927;Fort-de-France;833759597;Bettine200@gmail.com;200;01780207